Catégorie,Domaine
Influence,reddit.com
Wikipedia,en.wikipedia.org
Wikipedia,fr.wikipedia.org
Wikipedia,wikipedia.org
Presse Hostile,www.mediapart.fr
Presse Hostile,basta.media
Presse Hostile,banktrack.org
Presse Hostile,amisdelaterre.org
Presse Hostile,www.streetpress.com
Presse Hostile,reclaimfinance.org
Presse Hostile,reflets.info
Presse Hostile,reporterre.net
Presse Hostile,www.humanite.fr
Presse Hostile,www.acrimed.org
Presse Hostile,fakirpresse.info
Presse Hostile,www.ladecroissance.net
Presse Hostile,www.climaxnewsletter.fr
Presse Hostile,lempaille.fr
Presse Hostile,contre-attaque.net
Presse Hostile,www.off-investigation.fr
Presse Hostile,paris-luttes.info
Presse Hostile,www.lemediatv.fr
Presse Hostile,www.frontieresmedia.fr
Presse Hostile,notreaffaireatous.org
Presse Hostile,affaire-bnp.fr
Presse Hostile,www.oxfamfrance.org
Presse Hostile,www.amisdelaterre.org
Presse Hostile,politis.fr
Presse Hostile,alternatives-economiques.fr
Presse Hostile,levernews.com
Presse Hostile,theintercept.com
Presse Hostile,propublica.org
Presse Hostile,revealnews.org
Presse Hostile,motherjones.com
Presse Hostile,publicintegrity.org
Presse Hostile,democracynow.org
Presse Hostile,commondreams.org
Presse Hostile,truthout.org
Presse Hostile,unearthed.greenpeace.org
Presse Hostile,codastory.com
Presse Hostile,thebureauinvestigates.com
Presse Hostile,evolvepolitics.com
Presse Hostile,theferret.scot
Presse Hostile,earth.org
Presse Hostile,shareaction.org
Presse Hostile,laudatosimovement.org
Presse Hostile,sierraclub.org
Presse Hostile,earth911.com
Presse Hostile,fairfinanceinternational.org
Presse Hostile,energytracker.asia
Presse Hostile,11be
Presse Hostile,mymothertree.com
Presse Hostile,cleanhub.com
Presse Hostile,business-humanrights.org
Presse Hostile,theenergymix.com
Presse Hostile,paxforpeace.nl
Presse Hostile,zeroenergyproject.com
Presse Hostile,fidh.org
Presse Hostile,oxfamfrance.org
Presse Hostile,vert.eco
Presse Hostile,defundtotalenergies.org
Presse Hostile,bdsfrance.org
Presse Hostile,ldh-france.org
Presse Hostile,natura-sciences.com
Presse Hostile,bdsmovement.net
Presse Hostile,greenpeace.fr
Presse Hostile,linfodurable.fr
Presse Hostile,asso-sherpa.org
Presse Hostile,quechoisir.org
Presse Hostile,aixhumanitaire.org
Presse Hostile,stopeacop.net
Presse Hostile,cncd.be
Presse Hostile,avenirclimatique.org
Presse Hostile,savelifeonearth.eu
Presse Hostile,lacimade.org
Presse Hostile,france-palestine.org
Presse Hostile,visualizingenergy.org
Presse Hostile,cse-net.org
Presse Hostile,toxicbonds.org
Presse Hostile,greenpeace.org
Presse Hostile,multinationales.org
Presse Hostile,off-investigation.fr
Presse Hostile,breakfreesuisse.org
Presse Hostile,news.mongabay.com
Presse Hostile,lareleveetlapeste.fr
Presse Hostile,boell.org
Presse Hostile,oceanblueproject.org
Presse Hostile,boycott-israel.org
Presse Hostile,urgewald.org
Presse Hostile,planetpartage.fr
Presse Hostile,syndicoop.info
Presse Hostile,paradisfj.info
Presse Hostile,recommon.org
Presse Hostile,lagbd.org
Presse Hostile,l214.com
Presse Hostile,beuc.eu
Presse Hostile,mediapart.fr
Presse Généraliste,lemonde.fr
Presse Généraliste,reuters.com
Presse Généraliste,lexpress.fr
Presse Généraliste,nouvelobs.com
Presse Généraliste,lefigaro.fr
Presse Généraliste,liberation.fr
Presse Généraliste,la-croix.com
Presse Généraliste,leparisien.fr
Presse Généraliste,ouest-france.fr
Presse Généraliste,marianne.net
Presse Généraliste,valeursactuelles.com
Presse Généraliste,rfi.fr
Presse Généraliste,franceinfo.fr
Presse Généraliste,nytimes.com
Presse Généraliste,wsj.com
Presse Généraliste,usatoday.com
Presse Généraliste,washingtonpost.com
Presse Généraliste,latimes.com
Presse Généraliste,chicagotribune.com
Presse Généraliste,bostonglobe.com
Presse Généraliste,nypost.com
Presse Généraliste,inquirer.com
Presse Généraliste,sfchronicle.com
Presse Généraliste,houstonchronicle.com
Presse Généraliste,dallasnews.com
Presse Généraliste,azcentral.com
Presse Généraliste,denverpost.com
Presse Généraliste,miamiherald.com
Presse Généraliste,startribune.com
Presse Généraliste,seattletimes.com
Presse Généraliste,sandiegouniontribune.com
Presse Généraliste,sacbee.com
Presse Généraliste,oregonlive.com
Presse Généraliste,sudouest.fr
Presse Généraliste,lavoixdunord.fr
Presse Généraliste,letelegramme.fr
Presse Généraliste,leprogres.fr
Presse Généraliste,ladepeche.fr
Presse Généraliste,ledauphine.com
Presse Généraliste,estrepublicain.fr
Presse Généraliste,lanouvellerepublique.fr
Presse Généraliste,charentelibre.fr
Presse Généraliste,lamontagne.fr
Presse Généraliste,leberry.fr
Presse Généraliste,bienpublic.com
Presse Généraliste,courrier-ouest.com
Presse Généraliste,courrier-picard.fr
Presse Généraliste,lalsace.fr
Presse Généraliste,lapressedelamanche.fr
Presse Généraliste,progres-fecamp.fr
Presse Généraliste,larepubliquedespyrenees.fr
Presse Généraliste,republicain-lorrain.fr
Presse Généraliste,larep.fr
Presse Généraliste,petitbleu.fr
Presse Généraliste,lepopulaire.fr
Presse Généraliste,paris-normandie.fr
Presse Généraliste,presseocean.fr
Presse Généraliste,lemainelibre.fr
Presse Généraliste,lamarseillaise.fr
Presse Généraliste,lavenir.net
Presse Généraliste,lalibre.be
Presse Généraliste,standaard.be
Presse Généraliste,hln.be
Presse Généraliste,brusselstimes.com
Presse Généraliste,expatica.com
Presse Généraliste,srf.ch
Presse Généraliste,blick.ch
Presse Généraliste,swissinfo.ch
Presse Généraliste,thelocal.ch
Presse Généraliste,lenews.ch
Presse Généraliste,yahoo.com
Presse Généraliste,news.yahoo.com
Presse Généraliste,espn.com
Presse Généraliste,theguardian.com
Presse Généraliste,20minutes.fr
Presse Généraliste,apnews.com
Presse Généraliste,euractiv.fr
Presse Généraliste,sportskhabri.com
Presse Généraliste,cineuropa.org
Presse Généraliste,sportskeeda.com
Presse Généraliste,tennisconnected.com
Presse Généraliste,time.com
Presse Généraliste,continental-defence.com
Presse Généraliste,belganewsagency.eu
Presse Généraliste,climateinsider.com
Presse Généraliste,sportingnews.com
Presse Généraliste,middleeasteye.net
Presse Généraliste,bulgarianmilitary.com
Presse Généraliste,vegclubmagazine.com
Presse Généraliste,essentiallysports.com
Presse Généraliste,thenews.coop
Presse Généraliste,orientxxi.info
Presse Généraliste,consommationetsociete.fr
Presse Généraliste,levif.be
Presse Généraliste,conflictoflaws.net
Presse Généraliste,tennismajors.com
Presse Généraliste,understanding-islam.com
Presse Généraliste,pro-conso.fr
Presse Généraliste,yenisafak.com
Presse Généraliste,ziemelmeita.com
Presse Généraliste,presse-citron.net
Presse Généraliste,thewitness.news
Presse Généraliste,journaldequebec.com
Presse Généraliste,aa.com.tr
Presse Généraliste,axios.com
Presse Généraliste,timesofisrael.com
Presse Généraliste,planet.fr
Presse Généraliste,opexnews.fr
Presse Généraliste,moustique.be
Presse Généraliste,journaldemontreal.com
Presse Généraliste,automobile-propre.com
Presse Généraliste,geostrategia.fr
Presse Généraliste,zephyrnet.com
Presse Généraliste,lanouvelletribune.info
Presse Généraliste,la-vie-nouvelle.fr
Presse Généraliste,theweek.com
Presse Généraliste,zecar.com
Presse Business,ft.com
Presse Business,lesechos.fr
Presse Business,agefi.fr
Presse Business,lenouveleconomiste.fr
Presse Business,latribune.fr
Presse Business,investir.lesechos.fr
Presse Business,lerevenu.com
Presse Business,challenges.fr
Presse Business,agefiactifs.com
Presse Business,optionfinance.fr
Presse Business,strategies.fr
Presse Business,usinenouvelle.com
Presse Business,capital.fr
Presse Business,mieuxvivre-votreargent.fr
Presse Business,marketingdive.com
Presse Business,lejournaldesentreprises.com
Presse Business,forbes.fr
Presse Business,zonebourse.com
Presse Business,toutsurmesfinances.com
Presse Business,economist.com
Presse Business,bloomberg.com
Presse Business,handelsblatt.com
Presse Business,afr.com
Presse Business,forbes.com
Presse Business,fortune.com
Presse Business,hbr.org
Presse Business,fastcompany.com
Presse Business,entrepreneur.com
Presse Business,inc.com
Presse Business,businessinsider.com
Presse Business,ibtimes.com
Presse Business,cnbc.com
Presse Business,technologyreview.com
Presse Business,sloanreview.mit.edu
Presse Business,wired.com
Presse Business,adweek.com
Presse Business,adage.com
Presse Business,digiday.com
Presse Business,campaignlive.co.uk
Presse Business,money.com
Presse Business,strategy-business.com
Presse Business,zonedebourse.com
Presse Business,boursorama.com
Presse Business,maddyness.com
Presse Business,francetransactions.fr
Presse Business,ideal-investisseur.fr
Presse Business,lecho.be
Presse Business,detijd.be
Presse Business,lalettreb.eu
Presse Business,euractiv.com
Presse Business,nzz.ch
Presse Business,agefi.com
Presse Business,boursier.com
Presse Business,lerevenu.com
Presse Business,lalettre.fr
Presse Business,marketwatch.com
Presse Business,thestreet.com
Presse Business,barrons.com
Presse Business,fnlondon.com
Presse Business,economictimes.indiatimes.com
Presse Business,esgtoday.com
Presse Business,esgnews.com
Presse Business,green-finance.fr
Presse Business,carenews.com
Presse Business,greencentralbanking.com
Presse Business,sportspro.com
Presse Business,marketscreener.com
Presse Business,moneyvox.fr
Presse Business,sportbuzzbusiness.fr
Presse Business,globaldata.com
Presse Business,theimpactinvestor.com
Presse Business,cio-online.com
Presse Business,novethic.fr
Presse Business,climateenergyfinance.org
Presse Business,spglobal.com
Presse Business,morningstar.com
Presse Business,portfolio-adviser.com
Presse Business,finimize.com
Presse Business,sportsmarketing.fr
Presse Business,techtarget.com
Presse Business,retailbankerinternational.com
Presse Business,industryinsights.eu
Presse Business,content-it.com
Presse Business,finanzwire.com
Presse Business,daf-mag.fr
Presse Business,ainvest.com
Presse Business,sustainablereview.com
Presse Business,culturebanque.com
Presse Business,wealthbriefing.com
Presse Business,fintech.global
Presse Business,sustainabilitymag.com
Presse Business,economiematin.fr
Presse Business,rivierafinance.com
Presse Business,esgf.com
Presse Business,netzeroinvestor.net
Presse Business,scoreandchange.com
Presse Business,sportsmintmedia.com
Presse Business,screendaily.com
Presse Business,renewables.digital
Presse Business,tandempartnerships.com
Presse Business,argusmedia.com
Presse Business,americanbanker.com
Presse Business,certified-sustainable.co.uk
Presse Business,smartenergydecisions.com
Presse Business,flippa.com
Presse Business,offshore-energy.biz
Presse Business,thesustainableagency.com
Presse Business,seedtable.com
Presse Business,dcfmodeling.com
Presse Business,esgdive.com
Presse Business,caytoo.co.uk
Presse Business,fanthreesixty.com
Presse Business,thebanker.com
Presse Business,sportsbusinessjournal.com
Presse Business,financialpost.com
Presse Business,sportbusiness.com
Presse Business,capitalmonitor.ai
Presse Business,greeneconomy.co.uk
Presse Business,tenet.com
Presse Business,nitto.com
Presse Business,haier-europe.com
Presse Business,emirates.com
Presse Business,biendanslimo.fr
Presse Business,connaissancedesenergies.org
Presse Business,energynews.pro
Presse Business,shiseido.com
Presse Business,sportbusiness.club
Presse Business,deloitte.com
Presse Business,expertise-renovation.com
Presse Business,mordorintelligence.com
Presse Business,transitionsenergies.com
Presse Business,revue-banque.fr
Presse Business,luxus-plus.com
Presse Business,jinvestislavenir.fr
Presse Business,intel.fr
Presse Business,cvegroup.com
Presse Business,remotexs.in
Presse Business,babyloneconsulting.fr
Presse Business,greenly.earth
Presse Business,insidersport.com
Presse Business,kpmg.com
Presse Business,itsocial.fr
Presse Business,kia.com
Presse Business,hbrfrance.fr
Presse Business,businessgreen.com
Presse Business,osponso.com
Presse Business,responsible-investor.com
Presse Business,sailpoint.com
Presse Business,decideurs-magazine.fr
Presse Business,enviedentreprendre.com
Presse Business,agenceecofin.com
Presse Business,invest-africa-energy.com
Presse Business,finmag.fr
Presse Business,csreurope.org
Presse Business,sbs-software.com
Presse Business,cleanenergywire.org
Presse Business,village-justice.com
Presse Business,orange-business.com
Presse Business,economictimes.com
Presse Business,engie.com
Presse Business,ctmfile.com
Presse Business,carbon4finance.com
Presse Business,oracle.com
Presse Business,pushmodels.com
Presse Business,lassuranceenmouvement.com
Presse Business,nineforbrands.com.au
Presse Business,bankinfosecurity.eu
Presse Business,engie-green.fr
Presse Business,leconomiste.com
Presse Business,allnews.ch
Presse Business,sponsorunited.com
Presse Business,lavazza.fr
Presse Business,inovafi.com
Presse Business,finance-investissement.fr
Presse Business,nexa.fr
Presse Business,thedecisionmaker.co
Presse Business,teison.com
Presse Business,rsedatanews.net
Presse Business,lemondedudroit.fr
Presse Business,businessam.be
Presse Business,wazaentrepreneur.com
Presse Business,salonesri.it
Presse Business,ministryofsport.com
Presse Business,adnews.com.au
Presse Business,cms.law
Presse Business,lejournaldelafinance.com
Presse Business,ecran-total.fr
Presse Business,gasoutlook.com
Presse Business,zerosmart.co.uk
Presse Business,paminsight.com
Presse Business,complianceweek.com
Presse Business,pinsentmasons.com
Presse Business,publispeak.com
Presse Business,terra-energies.fr
Presse Business,asianbankingandfinance.net
Presse Business,onestopesg.com
Presse Business,chimenebadi.fr
Presse Business,qz.com
Presse Business,corporate.totalenergies.cn
Presse Business,hubbis.com
Presse Business,financialexpress.com
Presse Business,ihg.com
Presse Business,vitrina.ai
Presse Business,nouvellesdonnes.com
Presse Business,fipeco.fr
Presse Business,sustainalytics.com
Presse Business,ekwateur.fr
Presse Business,amazonaws.com
Presse Business,sportcal.com
Presse Business,nasdaq.com
Presse Business,ekino.fr
Presse Business,livemint.com
Presse Business,investglass.com
Presse Business,sustainableinvestor.online
Presse Business,agifpass.fr
Presse Business,oilprice.com
Presse Business,globalsecuritymag.com
Presse Business,defenseworld.net
Presse Business,business-cool.com
Presse Business,investmentweek.co.uk
Presse Business,laburba.fr
Presse Business,euromoney.com
Presse Business,illuminem.com
Presse Business,philippeisola.com
Presse Business,greenscope.io
Presse Business,banking-gateway.com
Presse Business,smartkarma.com
Presse Business,sustainlify.com
Presse Business,bloomberglaw.com
Presse Business,datasecuritybreach.fr
Presse Business,procurementmag.com
Presse Business,sponsoring.fr
Presse Business,euronext.com
Presse Business,boardroom.tv
Presse Business,cleantechnica.com
Presse Business,revuedescce.fr
Presse Business,fintechmagazine.com
Presse Business,buildings.com
Presse Business,sharecast.com
Presse Business,fundssociety.com
Presse Business,leasinglife.com
Presse Business,energies-finance.com
Presse Business,utilitydive.com
Presse Business,investopedia.com
Presse Business,energyvoice.com
Presse Business,strategicenergy.eu
Presse Business,xerfi.com
Presse Business,amlintelligence.com
Presse Business,mlex.com
Presse Business,offshore-technology.com
Presse Business,lucyfinance.fr
Presse Business,csrwindo.com
Presse Business,lefebvre-dalloz.fr
Presse Business,cincodias.elpais.com
Presse Business,lemoniteur.fr
Presse Business,creditnews.fr
Presse Business,lemondeduchiffre.fr
Presse Business,demarretonaventure.com
Presse Business,defence-industry.eu
Presse Business,gfmag.com
Presse Business,professionsfinancieres.com
Presse Business,rse-pro.com
Presse Business,globalbankingandfinance.com
Presse Business,lemondeinformatique.fr
Presse Business,gtreview.com
Presse Business,hedgeweek.com
Presse Business,inbanque.com
Presse Business,terre-net.fr
Presse Business,processalimentaire.com
Presse Business,action-agricole-picarde.com:
Presse Business,iea.org
Presse Business,lafranceagricole.fr
Presse Business,leseco.ma
Presse Business,medias24.com
Presse Business,zf.ro
Syndicat Agricole,fnsea.fr
Presse Business,fooddrinkeurope.eu
Réseaux Sociaux,x.com
Réseaux Sociaux,facebook.com
Réseaux Sociaux,bsky.app
Réseaux Sociaux,linkedin.com
Réseaux Sociaux,youtube.com
Réseaux Sociaux,dailymotion.com
Radio-TV,radiofrance.fr
Radio-TV,radiofrance.fr
Radio-TV,franceinfo.fr
Radio-TV,francemusique.fr
Radio-TV,rfi.fr
Radio-TV,europe1.fr
Radio-TV,bbc.com
Radio-TV,dw.com
Radio-TV,npr.org
Radio-TV,bloombergradio.com
Radio-TV,cbsnews.com
Radio-TV,radio.foxnews.com
Radio-TV,edition.cnn.com
Radio-TV,bfmtv.com
Radio-TV,france24.com
Radio-TV,foxnews.com
Radio-TV,msnbc.com
Radio-TV,bloombergtv.com
Radio-TV,cnbc.com
Radio-TV,euronews.com
Radio-TV,trt.global
Radio-TV,publicsenat.fr
Radio-TV,rtl.be
Radio-TV,cnews.fr
Radio-TV,trtfrancais.com
Radio-TV,marketplace.org
Radio-TV,information.tv5monde.com
Radio-TV,rtbf.be
Radio-TV,africanews.com
Radio-TV,euradio.fr
Radio-TV,tf1info.fr
Gouvernement-Institutionnel,.gov
Gouvernement-Institutionnel,.gouv
Gouvernement-Institutionnel,.europa.eu
Gouvernement-Institutionnel,.assemblee-nationale.fr
Gouvernement-Institutionnel,.senat.fr
Gouvernement-Institutionnel,.vie-publique.fr
Gouvernement-Institutionnel,lcp.fr
Gouvernement-Institutionnel,coe.int
Gouvernement-Institutionnel,fbf.fr
Gouvernement-Institutionnel,banque-france.fr
Gouvernement-Institutionnel,eib.org
Gouvernement-Institutionnel,europa.eu
Gouvernement-Institutionnel,bpifrance.fr
Gouvernement-Institutionnel,cnc.fr
Gouvernement-Institutionnel,onisep.fr
Gouvernement-Institutionnel,economie.gouv.fr
Gouvernement-Institutionnel,banquedesterritoires.fr
Gouvernement-Institutionnel,europeanfilmagencies.eu
Gouvernement-Institutionnel,cfwb.be
Gouvernement-Institutionnel,creativeeuropeireland.eu
Gouvernement-Institutionnel,wtatennis.com
Gouvernement-Institutionnel,sciencesconf.org
Gouvernement-Institutionnel,filmstiftung.de
Gouvernement-Institutionnel,wimbledon.com
Gouvernement-Institutionnel,atptour.com
Gouvernement-Institutionnel,creative-europe.lu
Gouvernement-Institutionnel,creativeeuropedesk.nl
Gouvernement-Institutionnel,canada.ca
Gouvernement-Institutionnel,italyformovies.com
Gouvernement-Institutionnel,mineco.gob.es
Gouvernement-Institutionnel,eif.org
Gouvernement-Institutionnel,nordiskfilmogtvfond.com
Gouvernement-Institutionnel,imago.org
Gouvernement-Institutionnel,esbanque.fr
Gouvernement-Institutionnel,robert-schuman.eu
Gouvernement-Institutionnel,esi-business-school.com
Gouvernement-Institutionnel,ademe.fr
Gouvernement-Institutionnel,service-public.fr
Gouvernement-Institutionnel,vie-publique.fr
Gouvernement-Institutionnel,ifcic.fr
Gouvernement-Institutionnel,unepfi.org
Gouvernement-Institutionnel,psbedu.paris
Gouvernement-Institutionnel,pacte-climat.eu
Gouvernement-Institutionnel,inseec.com
Gouvernement-Institutionnel,france-renov.gouv.fr
Gouvernement-Institutionnel,montecarlotennismasters.com
Gouvernement-Institutionnel,itftennis.com
Gouvernement-Institutionnel,economie.fgov.be
Gouvernement-Institutionnel,usopen.org
Gouvernement-Institutionnel,worldbank.org
Gouvernement-Institutionnel,tenniscambodia.net
Gouvernement-Institutionnel,filmfund.lu
Gouvernement-Institutionnel,mediadesk.fi
Gouvernement-Institutionnel,institutavantgarde.fr
Gouvernement-Institutionnel,courdecassation.fr
Gouvernement-Institutionnel,universitepopulairetoulouse.fr
Gouvernement-Institutionnel,iiss.org
Gouvernement-Institutionnel,fma.govt.nz
Gouvernement-Institutionnel,cybermalveillance.gouv.fr
Gouvernement-Institutionnel,imf.org
Gouvernement-Institutionnel,centralbank.ie
Gouvernement-Institutionnel,jerseyfsc.org
Gouvernement-Institutionnel,epthinktank.eu
Gouvernement-Institutionnel,unistra.fr
Gouvernement-Institutionnel,defense.gouv.fr
Gouvernement-Institutionnel,sportsmanagementschool.com
Gouvernement-Institutionnel,francetravail.fr
Gouvernement-Institutionnel,ecologie.gouv.fr
Gouvernement-Institutionnel,europeenauvergnerhonealpes.fr
Gouvernement-Institutionnel,act4nature.com
Gouvernement-Institutionnel,avise.org
Gouvernement-Institutionnel,carboeurope.org
Gouvernement-Institutionnel,inc-conso.fr
Gouvernement-Institutionnel,cyu.fr
Gouvernement-Institutionnel,strasbourg-europe.eu
Gouvernement-Institutionnel,mainstreamingclimate.org
Gouvernement-Institutionnel,rolexshanghaimasters.com
Gouvernement-Institutionnel,telefilm.ca
Gouvernement-Institutionnel,financia-business-school.com
Gouvernement-Institutionnel,senat.fr
Gouvernement-Institutionnel,francenum.gouv.fr
Gouvernement-Institutionnel,masshousing.com
Gouvernement-Institutionnel,afnor.org
Gouvernement-Institutionnel,europa-cinemas.org
Gouvernement-Institutionnel,assas-universite.fr
Gouvernement-Institutionnel,univ-lyon3.fr
Gouvernement-Institutionnel,actionlogement.fr
Gouvernement-Institutionnel,europe-en-france.gouv.fr
Gouvernement-Institutionnel,cwrrr.org
Gouvernement-Institutionnel,univ-lorraine.fr
Gouvernement-Institutionnel,globalcompactnetwork.org
Gouvernement-Institutionnel,berlinale.de
Gouvernement-Institutionnel,eurodefense.fr
Gouvernement-Institutionnel,eur-lex.europa.eu
Gouvernement-Institutionnel,asa.org.uk
Gouvernement-Institutionnel,pubmed.ncbi.nlm.nih.gov
Gouvernement-Institutionnel,georisques.gouv.fr
Gouvernement-Institutionnel,hatvp.fr
Gouvernement-Institutionnel,efsa.europa.eu
Gouvernement-Institutionnel,energy.ec.europa.eu:
Gouvernement-Institutionnel,pmc.ncbi.nlm.nih.gov
Gouvernement-Institutionnel,ag.ny.gov
Gouvernement-Institutionnel,aria.developpement-durable.gouv.fr
Gouvernement-Institutionnel,assemblee-nationale.fr
Gouvernement-Institutionnel,ccomptes.fr
Gouvernement-Institutionnel,eia.gov
Gouvernement-Institutionnel,gov.uk
Gouvernement-Institutionnel,transparency-register.europa.eu
Forums,quora.com
Forums,wallstreetoasis.com
Aggregateurs,meilleurtaux.com
Aggregateurs,simplywall.st
Aggregateurs,investing.com
Aggregateurs,lesfurets.fr
Aggregateurs,jdsupra.com
Aggregateurs,selectra.info
Aggregateurs,groundpedia.com
Aggregateurs,webdisclosure.com
Aggregateurs,contentmassive.com
Aggregateurs,bankrate.com
Aggregateurs,myautoloan.com
Aggregateurs,tipranks.com
Aggregateurs,brokersview.com
Aggregateurs,selectdataset.com
Aggregateurs,tenereteam.com
Aggregateurs,issuu.com
Aggregateurs,google.com
Aggregateurs,comparabanques.fr
Aggregateurs,leslistes.fr
Aggregateurs,readkong.com
Aggregateurs,comparateurbanque.com
Aggregateurs,lightyshare.com
Aggregateurs,changer-la-banque.com
Aggregateurs,marqueprefereedesfrancais.fr
Aggregateurs,stayinformedgroup.com
Aggregateurs,credit-auto.be
Aggregateurs,globenewswire.com
Aggregateurs,monpretauto.ca
Aggregateurs,infonet.fr
Aggregateurs,alpha-sense.com
Aggregateurs,har.com
Aggregateurs,vizologi.com
Aggregateurs,gurufocus.com
Aggregateurs,truecar.com
Aggregateurs,prnewswire.co.uk
Aggregateurs,selectra.com
Aggregateurs,01banque-en-ligne.fr
Aggregateurs,findthebestcarprice.com
Aggregateurs,jechange.fr
Aggregateurs,miraheze.org
Aggregateurs,theofficialboard.fr
Aggregateurs,meltwater.com
Aggregateurs,bankbazaar.com
Aggregateurs,marketbeat.com
Aggregateurs,formation-ideale.com
Aggregateurs,jooble.org
Aggregateurs,europeansting.com
Aggregateurs,taux.com
Aggregateurs,les-aides.fr
Aggregateurs,toptips.fr
Aggregateurs,empruntis.com
Aggregateurs,craft.co
Aggregateurs,diplomeo.com
Aggregateurs,hellosafe.fr
Aggregateurs,uaebanksdirectory.com
Aggregateurs,energysage.com
Aggregateurs,meilleurs-masters.com
Aggregateurs,sicavonline.fr
Aggregateurs,breezcar.com
Aggregateurs,reportyak.com
Aggregateurs,abcbourse.com
Aggregateurs,paudal.com
Aggregateurs,eufundingoverview.be
Aggregateurs,canstar.com.au
Aggregateurs,savings.com.au
Aggregateurs,ratecity.com.au
Aggregateurs,hellowatt.fr
Aggregateurs,quelleenergie.fr
Aggregateurs,actubanque.fr
Aggregateurs,stockanalysis.com
Banques,creditmutuel.com
Banques,societegenerale.com
Banques,credit-agricole.com
Banques,cleanenergycu.org
Banques,banquepopulaire.fr
Banques,labanquepostale.fr
Banques,creditmutuel.fr
Banques,cic.fr
Banques,groupebpce.com
Banques,commbank.com.au
Banques,adventurecu.org
Banques,bankofamerica.com
Banques,labanquepostale.com
Banques,onpointcu.com
Banques,credit-cooperatif.coop
Banques,redwoodcu.org
Banques,logixbanking.com
Banques,banquefrancaisemutualiste.fr
Banques,greenbackercapital.com
Banques,avanacapital.com
Banques,hopecu.org
Banques,ucbi.com
Banques,product.hopecu.org
Banques,db.com
Banques,primelending.com
Banques,abnamro.com
Banques,monarchprivate.com
Banques,advantagecap.com
Banques,lahfcu.org
Banques,citizensbank.com
Banques,celticbank.com
Banques,cleancapital.com
Banques,societegenerale.es
Banques,commerzbank.de
Banques,renewablepowercapital.com
Banques,ca-cib.ca
Banques,ca-cib.fr
Banques,macif.fr
Banques,enerfip.eu
Banques,lumo-france.com
Banques,goodvest.fr
Banques,lendopolis.com
Banques,maaf.fr
Banques,caisse-epargne.fr
Banques,stripe.com
Banques,fonciere-euris.fr
Banques,franfinance.fr
Banques,bipiz.org
Banques,demeter-im.com
Banques,lendosphere.com
Banques,creditagricole.info
Banques,credit-agricole.fr
Banques,sg.fr
Banques,smaltcapital.com
Banques,matmut.fr
Banques,ca-paris.com
Banques,younited-credit.com
Banques,creditmutuel-am.eu
Banques,sbi.co.in
Banques,valleycu.org
Banques,ingwb.com
Banques,bpce.fr
Banques,lcl.fr
Banques,chubb.com
Banques,floabank.fr
Banques,personacourtage.fr
Banques,home.saxo
Banques,wellsfargo.com
Banques,energyimpactpartners.com
Banques,cibc.com
Banques,degiro.fr
Banques,macu.com
Banques,banquebcp.fr
Banques,macsf.fr
Banques,franfinance.com
Banques,self-help.org
Banques,solrivercapital.com
Banques,dividendfinance.com
Banques,cbc.be
Banques,firstcitizens.com
Banques,ing.lu
Banques,associatedbank.com
Banques,customersbank.com
Banques,nordea.com
Banques,chase.com
Banques,societegenerale-insurance.pl
Banques,stearnsbank.com
Banques,eurobank.gr
Banques,adcb.com
Banques,cm-arkea.com
Banques,firstus.org
Banques,usbank.com
Banques,cip.com
Banques,bscu.org
Banques,rgreeninvest.com
Banques,openbank.es
Banques,midi2i.com
Banques,westpac.com.au
Banques,edwardsfcu.org
Banques,rate.com
Banques,bnc.ca
Banques,creditmutuel-factoring.eu
Banques,lapostegroupe.com
Banques,liveoak.bank
Banques,rivercityfcu.org
Banques,binance.com
Jobboards,glassdoor.fr
Jobboards,indeed.com
Jobboards,glassdoor.com
Jobboards,welcometothejungle.com
Jobboards,comparably.com
Jobboards,efinancialcareers.fr
Jobboards,ambitionbox.com
Jobboards,glassdoor.com.hk
Jobboards,builtinnyc.com
Jobboards,studi.com
Jobboards,examarena.com
Jobboards,choosemycompany.com
Jobboards,builtin.com
Jobboards,wayden.fr
Jobboards,careerbliss.com
Jobboards,studyrama.com
Jobboards,planetegrandesecoles.com
Jobboards,efe.fr
Jobboards,payscale.com
Jobboards,topformation.fr
Jobboards,percywarren.com
Jobboards,hellowork.com
Jobboards,igensia-alternance.fr
Jobboards,nodeflair.com
Jobboards,talentlab.works
Jobboards,practice4me.com
Jobboards,noschool.fr
Jobboards,jobzmall.com
Jobboards,ctgoodjobs.hk
Jobboards,letudiant.fr
Jobboards,jobteaser.com
Jobboards,forum-des-competences.org
Jobboards,salary.com
Jobboards,afges.com
Jobboards,ifcam-cpf.fr
Jobboards,inthiswork.com
Jobboards,vault.com
Jobboards,assessmentprep.online
Jobboards,capcampus.com
Jobboards,infinance.fr
Jobboards,brightnetwork.co.uk
Site Business,bamboodu.com
Site Business,ibm.com
Site Business,secfense.com
Site Business,makemepulse.com
Site Business,ditchcarbon.com
Site Business,waterskraus.com
Site Business,laphil.com
Site Business,prowly.com
Site Business,cryble.com
Site Business,climatora.com
Site Business,keneo.com
Site Business,lavazza.ca
Site Business,zenledger.io
Site Business,litige.fr
Site Business,vgtlaw.com
Site Business,agence-chronique.com
Site Business,joma-sport.com
Site Business,obendy.com
Site Business,orange.fr
Site Business,dispatchmedia.co
Site Business,kaspersky.fr
Site Business,ibiixo.com
Site Business,simonnetavocat.fr
Site Business,alagybret.com
Site Business,ethical-power.com
Site Business,taylorwessing.com
Site Business,totalenergies.com
Site Business,digitemis.com
Site Business,maitre-noachovitch.fr
Site Business,agence-ia-toulouse.fr
Site Business,creatio.com
Site Business,worldline.com
Site Business,innowise.com
Site Business,abf.co.uk
Site Business,ferrero.com
Site Business,feedipedia.org
Site Business,sophim.com
Site Business,suedzuckergroup.com
Site Business,csirt-universitaire.org
Université,aw.cornell.edu
Gouvernement-Institutionnel,epa.gov
Presse Business,reussir.fr
Gouvernement-Institutionnel,lobbyfacts.eu
Presse Business,agro-media.fr
Gouvernement-Institutionnel,energy.ec.europa.eu
Aggregateurs,publicnow.com
Presse Business,action-agricole-picarde.com
Site Business,aocs.org
Presse Business,feedstrategy.com
Université,law.cornell.edu
Presse Business,lebetteravier.fr
Presse Business,lemagit.fr
Presse Business,lesrencontreseconomiques.fr
Site Business,ab-inbev.com
Site Business,adebiotech.org
Site Business,agri-mutuel.com
Presse Business,agromatin.com
Site Business,arisbioenergy.com
Gouvernement-Institutionnel,autoritedelaconcurrence.fr
Site Business,carlsberggroup.com
Syndicat Agricole,coordinationrurale.fr
Site Business,danone.com
Aggregateurs,dbpedia.org
Gouvernement-Institutionnel,douane.gouv.fr
Gouvernement-Institutionnel,edf.fr
Site Business,envoituresimone.com
Presse Business,esmmagazine.com
Presse Business,ethifinance.com
Presse Business,foodbusinessmea.com
Presse Business,fopoleopro.com
Syndicat Agricole,fr.roquette.com
Aggregateurs,golden.com
Site Business,idele.fr
Site Business,incyber.org
Presse Business,institut-du-vegetal.fr
Site Business,laruchequiditoui.fr
Presse Généraliste,lematin.ma
Presse Business,lessentieldeleco.fr
Site Business,mdpi.com
Aggregateurs,merieuxnutrisciences.com
Presse Business,ocl-journal.org
Gouvernement-Institutionnel,oecd.org
Site Business,ornikar.com
Site Business,pernod-ricard.publispeak.com
Site Business,starringjane.com
Site Business,tereos.com
Site Business,unilever.com
Site Business,vattenfall.fr
Presse Business,wikiagri.fr
Aggregateurs,worldbenchmarkingalliance.org
Gouvernement-Institutionnel,legislation.gov.uk
Jobboards,gowork.fr
Gouvernement-Institutionnel,anl.gov
Presse Business,just-food.com
Site Business,april.com
Presse Business,dieselnet.com
Site Business,agryco
Aggregateurs,droits-salaries.com
Gouvernement-Institutionnel,eufic.org
Presse Business,web-agri.fr
Association,cgenial.org
Site Business,cummins.com
Presse Business,ria.fr
Jobboards,greatplacetowork.com
Aggregateurs,openedition.org
Site Business,agryco.com
Gouvernement-Institutionnel,fao.org
Aggregateurs,openaccesspub.org
Presse Business,pleinchamp.com
Site Business,spaynelindsay.com
Site Business,tastefranceforbusiness.com
Presse Business,agfundernews.com
Presse Business,agriculteur-normand.com
Presse Business,apasec.net
Aggregateurs,changingmarkets.org
Site Business,ecotone.bio
Presse Généraliste,elucid.media
Site Business,free.fr
Site Business,invivo-group.com
Presse Généraliste,lepoint.fr
Site Business,madeinfr.fr
Site Business,nestle.com
Presse Business,scienceindustries.ch
Presse Généraliste,terredauphinoise.fr
Gouvernement-Institutionnel,afdc.energy.gov
Gouvernement-Institutionnel,agriculture.gouv.fr
Presse Business,bioenergytimes.com
Site Business,cfa-cpse-canappeville.fr
Site Business,citizengreen.eu
Site Business,dissonances.fr
Presse Business,energizine.com
Presse Généraliste,environnementsantepolitique.fr
Presse Business,eure-agricole.fr
Site Business,evialis.com
Presse Business,enerzine.com
Aggregateurs,fr.scribd.com
Presse Hostile,francesoir.fr
Site Business,frequencemedicale.com
Association,grain.org
Site Business,inn-ovin.fr
Gouvernement-Institutionnel,inrae.fr
Association,ipes-food.org
Presse Business,jardinsdefrance.org
Aggregateurs,link.springer.com
Site Business,linmanetassocies.fr
Presse Business,lsa-conso.fr
Presse Business,lyon-entreprises.com
Presse Généraliste,nicematin.com
Site Business,plantadvanced.com
Site Business,rafibra.es
Site Business,renouveau-habitat.fr
Presse Hostile,resogm.org
Radio-TV,rmc.bfmtv.com
Presse Généraliste,santemagazine.fr
Aggregateurs,theicct.org
Site Business,transportexpress.fr
Site Business,vivescia.com
Gouvernement-Institutionnel,19january2017snapshot.epa.gov
Site Business,agrial.com
Presse Business,agriculture-dromoise.fr
Site Business,andersonintl.com
Site Business,arla.com
Site Business,arvalis.fr
Influence,bioethanolcarburant.com
Presse Hostile,breizh‑info.com
Presse Business,bretagne‑economique.com
Encyclopédie,cairn.info
Gouvernement-Institutionnel,cdc.gov
Aggregateurs,chem4us.be
Gouvernement-Institutionnel,commission.europa.eu
Site Business,conseilenagriculture.fr
Presse Business,duraabl.com
Presse Généraliste,dutchnews.nl
Presse Business,ecolovibe.com
Presse Business,bestinbrussels.eu
Philantropie,forward-global.org
Site Business,bridgepointgroup.com
Aggregateurs,tracxn.com
Site Business,prnewswire.com
Fondation / ONG,ansarafamilyfund.org
Site Business,forwardglobal.org
Aggregateurs,influencewatch.org
Aggregateurs,guidestar.org
Aggregateurs,bcorporation.net
Syndicat Profesionnel,gifas.fr
Presse Business,ainonline.com
Aggregateurs,businessmodelanalyst.com
Aggregateurs,researchandmarkets.com
Aggregateurs,click2refund.com
Site Business,aeroaffaires.fr
Syndicat Profesionnel,jeccomposites.com
Presse Business,defensenews.com
Fondation / ONG,baaa-acro.com
Presse Hostile,mediacites.fr
Influence,sphericalinsights.com
Influence,pmarketresearch.com
Influence,growthmarketreports.com
Influence,aero-baas.fr
Influence,globalgrowthinsights.com
Influence,marketsandmarkets.com
Influence,theinsightpartners.com
Influence,fortunebusinessinsights.com
Influence,skyquestt.com
Influence,dataintelo.com
Influence,stratviewresearch.com
Influence,verifiedmarketresearch.com
Influence,transportshaker-wavestone.com
Influence,reportprime.com
Influence,airfactsjournal.com
Gouvernement-Institutionnel,bea.aero
Gouvernement-Institutionnel,tsb.gc.ca
Gouvernement-Institutionnel,governmentprocurement.com
Gouvernement-Institutionnel,ccibusiness.fr
Presse Business,aviationweek.com
Presse Business,flightglobal.com
Presse Business,air-cosmos.com
Presse Business,toulouse.latribune.fr
Presse Business,techfundingnews.com
Presse Business,faq-logistique.com
Presse Business,revfine.com
Presse Business,sifted.eu
Presse Business,aviation-strategy.eu
Presse Business,asdnews.com
Presse Business,industrie-innov.fr
Presse Business,equip-prod.com
Presse Business,aviationpros.com
Presse Business,visualcapitalist.com
Presse Business,euro-sd.com
Presse Business,africasupplychainmag.com
Presse Généraliste,avweb.com
Presse Généraliste,aeromorning.com
Presse Généraliste,journal-aviation.com
Presse Généraliste,simpleflying.com
Presse Généraliste,opex360.com
Presse Généraliste,aeroweb-fr.net
Presse Généraliste,aerobuzz.fr
Presse Généraliste,lopinion.com
Presse Généraliste,flyingmag.com
Presse Généraliste,paxnouvelles.com
Presse Généraliste,skiesmag.com
Presse Généraliste,aviationconsumer.com
Presse Généraliste,media24.fr
Presse Généraliste,defense-zone.com
Presse Généraliste,gomet.net
Presse Généraliste,drone-actu.fr
Site Business,geaerospace.com
Site Business,rtx.com
Site Business,rolls-royce.com
Site Business,solvay.com
Site Business,arkema.com
Site Business,victrexplc.com
Site Business,soprasteria.fr
Site Business,stcomposites.com
Site Business,hohangcn.com
Site Business,mcam.com
Site Business,dcbrain.com
Site Business,avanista.fr
Site Business,chalcoaluminum.com
Site Business,skyrefund.com
Site Business,gtweed.com
Site Business,ensingerplastics.com
Site Business,bescast.com
Site Business,aerotecnic.com
Site Business,ensun.io
Site Business,privatejetfinder.com
Site Business,alj.com
Site Business,compositesuniversal.com
Association,aopa.org
Syndicat Profesionnel,clusterprimus.fr
Association,caia.net
Association,anae.fr
Association,pole-astech.org
Jobboards,technicien-aeronautique.com
Jobboards,novae-recrute.com
Jobboards,fr.indeed.com
Jobboards,laerorecrute.fr
Jobboards,nerfrance.com
Aggregateurs,companiesmarketcap.com
Aggregateurs,scribd.com
Aggregateurs,aeroexpo.online
Aggregateurs,pappers.fr
Université,academie-technologies.fr
Université,amrc.co.uk
Encyclopédie,techniques-ingenieur.fr
Radio-TV,cadenaser.com
Influence,grokipedia.com
Influence,marketsandmarketsblog.com
Influence,intelmarketresearch.com
Influence,aviationoutlook.com
Influence,thelaunchstrategist.com
Influence,cirium.com
Influence,fundamentalbusinessinsights.com
Influence,datahorizzonresearch.com
Influence,marketresearchfuture.com
Gouvernement-Institutionnel,bouches-du-rhone.gouv.fr
Gouvernement-Institutionnel,faa.gov
Gouvernement-Institutionnel,ntsb.gov
Gouvernement-Institutionnel,bst.gc.ca
Gouvernement-Institutionnel,bst-tsb.gc.ca
Gouvernement-Institutionnel,gouv.qc.ca
Gouvernement-Institutionnel,inrs.fr
Presse Business,army-technology.com
Presse Business,avitrader.com
Presse Business,logisticsmiddleeast.com
Presse Business,manufacturingdigital.com
Presse Business,eu-startups.com
Presse Business,turbomachinerymag.com
Presse Business,gazette-du-midi.fr
Presse Business,composites.media
Presse Business,supplychaindigital.com
Presse Business,aerospace-insiders.com
Presse Business,industrie-mag.com
Presse Business,industriel.net
Presse Business,airinsight.com
Presse Business,latribuneauto.com
Presse Généraliste,theaustralian.com.au
Presse Généraliste,twinandturbine.com
Presse Généraliste,aeroflap.com.br
Presse Généraliste,aerovfr.com
Presse Généraliste,blueskynews.aero
Presse Généraliste,mediaindia.eu
Presse Généraliste,people.com
Presse Généraliste,airplaneacademy.com
Presse Généraliste,theverge.com
Presse Généraliste,brut.media
Site Business,boltflight.com
Site Business,novaplasglobal.com
Site Business,gate7.online
Site Business,umbrex.com
Site Business,cetim.fr
Site Business,plastiservice.com
Site Business,business-solutions-atlantic-france.com
Site Business,sglcarbon.com
Site Business,mc2i.fr
Site Business,ctnd.com
Site Business,leyton.com
Site Business,aerospace.honeywell.com
Site Business,bayo.com
Site Business,dps-fr.com
Site Business,collinsaerospace.com
Site Business,toraycma.com
Site Business,accio.com
Site Business,prattwhitney.com
Site Business,europrop-int.com
Site Business,bullfincher.io
Site Business,airframedesigns.com
Site Business,synergiecanada.com
Site Business,resilinc.ai
Site Business,tadistributors.com
Site Business,avioaero.com
Site Business,corporate.airfrance.com
Site Business,patent-i.com
Site Business,freightender.com
Site Business,basque-invest.com
Site Business,croissanceinvestissement.com
Aggregateurs,airhelp.fr
Aggregateurs,avbuyer.com
Aggregateurs,forinov.fr
Aggregateurs,aviation-safety.net
Aggregateurs,skygofly.com
Aggregateurs,liligo.fr
Aggregateurs,worldairlineawards.com
Aggregateurs,aeroaffaires.com
Aggregateurs,startupblink.com
Aggregateurs,accessnewswire.com
Aggregateurs,kathrynsreport.com
Jobboards,oysterlink.com
Jobboards,referencedrh.com
Jobboards,ziprecruiter.com
Jobboards,engagement-jeunes.com
Association,ellesbougent.com
Association,iata.org
Association,aviationacrossamerica.org
Association,faccpnw.org
Université,researchgate.net
Encyclopédie,all-aero.com
Encyclopédie,ukaeroarchives.wordpress.com
Encyclopédie,larousse.fr
Wikipedia,pt.wikipedia.org
Presse Hostile,revolutionpermanente.fr
Influence,cbinsights.com
Influence,persistencemarketresearch.com
Influence,thebusinessresearchcompany.com
Influence,theflyingengineer.com
Influence,kingsresearch.com
Influence,datantify.com
Gouvernement-Institutionnel,nasa.gov
Gouvernement-Institutionnel,deutschland.de
Gouvernement-Institutionnel,developpement-durable.gouv.fr
Presse Business,eletimes.ai
Presse Business,actu-transport-logistique.fr
Presse Business,aircargonews.net
Presse Business,3plogistics.com
Presse Business,defencefinancemonitor.com
Presse Business,supplychainmagazine.fr
Presse Business,plasticstoday.com
Presse Business,aviator.aero
Presse Business,voxelmatters.com
Presse Business,reliableplant.com
Presse Business,investissons.fr
Presse Business,mistertravel.news
Presse Business,geekwire.com
Presse Business,westfaironline.com
Presse Business,flightsafetyaustralia.com
Presse Business,voyages-d-affaires.com
Presse Business,tynmagazine.com
Presse Généraliste,lorientlejour.com
Presse Généraliste,tarbes-infos.com
Presse Généraliste,clubic.com
Presse Généraliste,panafricaniste.com
Site Business,grantbite.com
Site Business,flightsimulator.com
Site Business,energycapitalventures.com
Site Business,aeronautique.matheorg.com
Site Business,jsamiami.com
Site Business,jmprecisionmfg.com
Site Business,miadvancedbiofuels.com
Site Business,impactlab.com
Site Business,aviationlawgroup.com
Site Business,ariane.group
Site Business,skyart.com
Site Business,dupont.com
Site Business,nedescapital.com
Site Business,gclgroup.com
Site Business,boeing.com
Site Business,arts.aero
Site Business,showroom-ic.fr
Site Business,polymerexpert.fr
Site Business,luggage-factories.com
Site Business,azurewebsites.net
Site Business,cf-composites.toray
Site Business,aerospheres.com
Site Business,pennairrepair.com
Site Business,addcomposites.com
Site Business,wobee.fr
Site Business,cmpcomposites.fr
Association,aerospace-valley.com
Association,flightsafety.org
Association,baage.fr
Association,cqpm.fr
Association,safecluster.com
Association,cluster-meca.fr
Association,aege.fr
Jobboards,wellfound.com
Aggregateurs,ulysse.com
Aggregateurs,voyagespirates.fr
Aggregateurs,pilotmall.com
Aggregateurs,openpr.com
Université,univ-tlse2.fr
Université,naa.edu
Wikipedia,es.wikipedia.org
Gouvernement-Institutionnel,defence-industry-space.ec.europa.eu
Gouvernement-Institutionnel,sec.gov
Gouvernement-Institutionnel,wipo.int
Gouvernement-Institutionnel,franceenvironnement.com
Gouvernement-Institutionnel,mcinet.gov.ma
Gouvernement-Institutionnel,diplomatie.gouv.fr
Gouvernement-Institutionnel,aerorecherchecorac.com
Gouvernement-Institutionnel,www.aeroport.fr
Influence,insights.globalspec.com
Influence,blog.janescapital.com
Influence,specialchem.com
Influence,oag.com
Influence,2050analytics.com
Influence,d-carbonize.eu
Presse Business,aviationtoday.com
Presse Business,eutechfuture.com
Presse Business,militaryaerospace.com
Presse Business,pocmedia.fr
Presse Business,busenq.com
Presse Business,combourse.com
Presse Business,businessman.fr
Presse Business,aerospacemanufacturinganddesign.com
Presse Business,50skyshades.com
Presse Business,jdlgroupe.com
Presse Business,m.economictimes.com
Presse Business,ajot.com
Presse Business,machinesproduction.fr
Presse Business,electroniques.biz
Presse Business,aircosmosinternational.com
Presse Business,verticalmag.com
Presse Business,theatrum-belli.com
Presse Business,defensemirror.com
Presse Business,aviationbusinessnews.com
Presse Business,travelandtourworld.com
Presse Business,actualidadmp.com
Presse Business,dommagazine.com
Presse Business,info-socialrh.fr
Presse Business,navaltoday.com
Presse Généraliste,autoevolution.com
Presse Généraliste,newarab.com
Presse Généraliste,avgeek.ph
Presse Généraliste,planeandpilotmag.com
Presse Généraliste,futura-sciences.com
Site Business,silmid.com
Site Business,ten.com
Site Business,boeing.fr
Site Business,secotools.com
Site Business,hpp.arkema.com
Site Business,atlasair.com
Site Business,www2.deloitte.com
Site Business,toray.us
Site Business,myaeroengine.com
Site Business,nediar.com
Site Business,aft-dev.com
Site Business,visuresolutions.com
Site Business,karindustry.com
Site Business,ptc.com
Site Business,airfrance.com
Site Business,sterlingaog.com
Site Business,grupo.iberia.com
Site Business,houger.com
Site Business,askalice.fr
Site Business,alten.fr
Site Business,michelin.com
Site Business,txvaero.com
Site Business,boeing.co.uk
Site Business,restructuringeventsdev.azurewebsites.net
Association,namf.com
Association,sandiegoairandspace.org
Association,escadrille.org
Fondation / ONG,grip.org
Fondation / ONG,aviationclimatetaskforce.org
Jobboards,apec.fr
Jobboards,cojob.fr
Aggregateurs,flying411.com
Aggregateurs,thomasnet.com
Aggregateurs,prweb.com
Aggregateurs,aog.com
Aggregateurs,faaircraftsales.com
Aggregateurs,caselaw.findlaw.com
Aggregateurs,aviationunlimited.com
Aggregateurs,excess.international
Université,polymtl.ca
Université,scispace.com
Université,edcparis.edu
Université,escpalumni.org
Université,arxiv.org
Forums,medium.com
Influence,straitsresearch.com
Influence,marketstatics.com
Influence,techsciresearch.com
Influence,janes.com
Influence,checksonar.com
Influence,businessresearchinsights.com
Influence,privatecharterx.blog
Influence,researchintelo.com
Gouvernement-Institutionnel,www.cci.fr
Gouvernement-Institutionnel,delegfrance.org
Gouvernement-Institutionnel,enseignementsup-recherche.gouv.fr
Gouvernement-Institutionnel,dev.tsb.cflabs.ca
Gouvernement-Institutionnel,casa.gov.au
Presse Business,bizavnews.com
Presse Business,toute-la-franchise.com
Presse Business,csrwire.com
Presse Business,carboncredits.com
Presse Business,indiastrategic.in
Presse Business,cioinsights.com
Presse Business,supplychain-village.com
Presse Business,markets.financialcontent.com
Presse Business,revolution.aero
Presse Business,smartaviation-apac.com
Presse Business,europeanaviationleaders.com
Presse Business,dirigeants-entreprise.com
Presse Généraliste,cdapress.com
Presse Généraliste,digitaljournal.com
Presse Généraliste,legrandcontinent.eu
Presse Généraliste,thesun.co.uk
Presse Généraliste,travelinglifestyle.net
Presse Généraliste,welt.de
Presse Généraliste,atalayar.com
Presse Généraliste,techno-science.net
Site Business,tulikaenterprise.in
Site Business,macroter.com
Site Business,vimanan.com
Site Business,neste.com
Site Business,thermo-technologies.com
Site Business,3pcorporate.com
Site Business,liebherr.com
Site Business,hutchinson.com
Site Business,novadem.online
Site Business,ciprocess.com
Site Business,performanse.com
Site Business,boryplast.com
Site Business,joinsteer.com
Site Business,alten.com
Site Business,sermataero.fr
Site Business,clickpost.ai
Site Business,veduzo.com
Site Business,fairmoove.fr
Site Business,mepcsa.com
Site Business,modula.eu
Site Business,pnoinnovation.com
Site Business,abipa-intl.com
Site Business,presse.groupeadp.fr
Site Business,en.newsroom.engie.com
Site Business,h55.ch
Site Business,mintturbines.com
Site Business,africair.com
Site Business,skywaysimulation.com
Site Business,aeo-aviation.com
Site Business,vol-avion-chasse.com
Association,erea.org
Association,acare4europe.org
Syndicat Professionnel,e-tlf.com
Syndicat Professionnel,industriall-europe.eu
Banques,intesasanpaolo.com
Aggregateurs,worldostats.com
Aggregateurs,asn.flightsafety.org
Aggregateurs,flightradar24.com
Aggregateurs,lesitedumadeinfrance.fr
Aggregateurs,airframer.com
Aggregateurs,monproduitdefrance.com
Aggregateurs,marques-de-france.fr
Aggregateurs,alibaba.com
Aggregateurs,classements.net
Aggregateurs,aircraftmarket.co.uk
Aggregateurs,offrevacances.be
Université,polytechnique-insights.com
Encyclopédie,skybrary.aero
Forums,jetforums.net
Fondation / ONG,borstal.org.uk
Fondation / ONG,la-fabrique.fr
Fondation / ONG,weforum.org
Fondation / ONG,institutmontaigne.org
Fondation / ONG,berwickfriends.org.uk
Wikipedia,it.wikipedia.org
Wikipedia,shoutwiki.com
Influence,globalinforesearch.com
Influence,factmr.com
Influence,datainsightsmarket.com
Influence,strategicmarketresearch.com
Influence,nlarenas.com
Influence,alliedmarketresearch.com
Influence,zionmarketresearch.com
Influence,aviationstudycenter.com
Influence,360researchreports.com
Influence,composites.us.toray
Gouvernement-Institutionnel,nj.gov
Gouvernement-Institutionnel,doi.gov
Gouvernement-Institutionnel,france-science.com
Gouvernement-Institutionnel,pibd.inpi.fr
Gouvernement-Institutionnel,budget.gouv.fr
Gouvernement-Institutionnel,questions.assemblee-nationale.fr
Presse Business,compositestoday.org
Presse Business,h2-tech.com
Presse Business,strategieslogistique.com
Presse Business,bjtonline.com
Presse Business,thedefensepost.com
Presse Business,armees.com
Presse Business,thedefensewatch.com
Presse Business,helicopter-industry.com
Presse Business,navalnews.com
Presse Généraliste,avionslegendaires.net
Presse Généraliste,aviationnews.eu
Presse Généraliste,news.ssbcrack.com
Presse Généraliste,dailysabah.com
Presse Généraliste,algerie360.com
Presse Généraliste,aero-news.org
Presse Généraliste,watson.ch
Presse Généraliste,laprovence.com
Presse Généraliste,theasialive.com
Presse Généraliste,news.com.au
Presse Généraliste,chron.com
Site Business,swissflyaero.com
Site Business,airandground.com
Site Business,rollsroycefirstnetwork.com
Site Business,precisionaviationgroup.com
Site Business,yourco.io
Site Business,scotts-international.com
Site Business,impressit.io
Site Business,pallitegroup.com
Site Business,carbonclick.com
Site Business,teijincarbon.com
Site Business,aon.com
Site Business,composights.com
Site Business,another-day.com
Site Business,portotheme.com
Site Business,aviaproconsulting.com
Site Business,cyble.com
Site Business,allianz.com
Site Business,js3global.com
Site Business,euronovia.eu
Site Business,thalesgroup.com
Site Business,teijin.com
Site Business,jet-tek.com
Site Business,flywithx.com
Site Business,comtekadvanced.com
Site Business,united.mediaroom.com
Site Business,airfrance.be
Site Business,wallstreetenglish.fr
Site Business,upply.com
Site Business,soprasteria.com
Site Business,a4aviation.com
Site Business,blog.privatejetfinder.com
Site Business,leadiq.com
Site Business,cogit-composites.com
Site Business,almehtabindustries.com
Site Business,investors.hexcel.com
Site Business,somocap.com
Site Business,managingcomposites.com
Site Business,hamlite.com
Association,asme.org
Association,thecooperativelogisticsnetwork.com
Association,academie-aero-auvergnerhonealpes.fr
Association,rencontres-tourisme-culturel.fr
Association,ati.org.uk
Syndicat Professionnel,cfdt.fr
Jobboards,meritustalent.com
Aggregateurs,stocktitan.net
Aggregateurs,lavionprive.fr
Aggregateurs,openfly.fr
Aggregateurs,vacancesweb.be
Aggregateurs,securities.io
Aggregateurs,atlasocio.com
Aggregateurs,moneycontroller.co.uk
Aggregateurs,alltopeverything.com
Université,ipsa.fr
Université,si.edu
Encyclopédie,lavionnaire.fr
Fondation / ONG,greenamerica.org
Fondation / ONG,chathamhouse.org
Fondation / ONG,thepinkargonauts.org
Fondation / ONG,edf.org
Presse Hostile,anticapitalistresistance.org
Gouvernement-Institutionnel,icao.int
Gouvernement-Institutionnel,cinea.ec.europa.eu
Gouvernement-Institutionnel,trimis.ec.europa.eu
Gouvernement-Institutionnel,epa-paris-saclay.fr
Gouvernement-Institutionnel,legifrance.gouv.fr
Gouvernement-Institutionnel,observatoire-metallurgie.fr
Influence,reportsanddata.com
Influence,forecastinternational.com
Influence,marketintelo.com
Influence,wiseguyreports.com
Influence,idtechex.com
Influence,expertmarketresearch.com
Influence,emergenresearch.com
Influence,seekingalpha.com
Influence,aac-research.at
Influence,portersfiveforce.com
Influence,pestel-analysis.com
Influence,skytraxratings.com
Presse Business,aero-mag.com
Presse Business,skiesfifty.com
Presse Business,fleet-wire.com
Presse Business,advancedmaterialsmagazine.com
Presse Business,electronie.fr
Presse Business,3dprint.com
Presse Business,americanmachinist.com
Presse Business,electrive.com
Presse Business,aviation-defence-universe.com
Presse Business,satellitemarkets.com
Presse Business,itrnews.com
Presse Business,military.africa
Presse Business,aero-today.com
Presse Business,armustnews.com
Presse Business,aerospaceonline.com
Presse Business,supply-chain.gr
Presse Généraliste,worldatlas.com
Presse Généraliste,jetsetterguide.com
Presse Généraliste,atvtrailrider.ca
Presse Généraliste,infoquad.com
Presse Généraliste,jetbackintime.com
Presse Généraliste,pulse.ug
Presse Généraliste,generalaviationnews.com
Presse Généraliste,znetwork.org
Presse Généraliste,spiegel.de
Presse Généraliste,wingtalkers.com
Presse Généraliste,anews.com.tr
Presse Généraliste,the-independent.com
Presse Généraliste,cntraveler.com
Presse Généraliste,cosmiclog.com
Presse Généraliste,maison.com
Site Business,compositesone.com
Site Business,investor.honeywell.com
Site Business,noous.co
Site Business,easyjet.com
Site Business,avygeo.com
Site Business,syensqo.com
Site Business,ana.co.jp
Site Business,bsigroup.com
Site Business,motherbase.ai
Site Business,avico.com
Site Business,claylacy.com
Site Business,bluedocker.com
Site Business,airtech.lu
Site Business,highperformr.ai
Site Business,livv.eu
Site Business,engie-deutschland.de
Site Business,toray-cfe.com
Site Business,toray.eu
Site Business,cent24.fr
Site Business,safeflight.com
Site Business,avinational.com
Site Business,aag.aero
Site Business,veolia.com
Association,hydrogeneurope.eu
Association,materiaux2018.fr
Jobboards,fr.glassdoor.be
Jobboards,newengineer.com
Aggregateurs,ipqwery.com
Aggregateurs,statranker.org
Aggregateurs,c-981.com
Aggregateurs,epicos.com
Aggregateurs,patentcut.com
Aggregateurs,visaverge.com
Aggregateurs,wowfare.com
Aggregateurs,airadvisor.com
Aggregateurs,aviationfile.com
Aggregateurs,indexa.fr
Aggregateurs,sourcefromontario.com
Université,annales.org
Université,hkcourses.fr
Université,washington.edu
Université,magonlinelibrary.com
Université,crepec.com
Encyclopédie,azom.com
Banques,fortuneo.fr
Fondation / ONG,socialsectornetwork.com
Fondation / ONG,2050now.la
Influence,globalcioforum.com
Influence,samchui.com
Influence,bcg.com
Influence,pwc.com
Gouvernement-Institutionnel,ac-versailles.fr
Gouvernement-Institutionnel,mescertifs.fr
Presse Business,vie-economique.com
Presse Business,h2-mobile.fr
Presse Business,designdevelopmenttoday.com
Presse Business,aerospacedefenserevieweurope.com
Presse Business,infoweb-industrie.fr
Presse Business,helicoptermaintenancemagazine.com
Presse Business,esg-investing.com
Presse Business,energynews.biz
Presse Business,fibre2fashion.com
Presse Business,metal-am.com
Presse Business,mobilityengineeringtech.com
Presse Business,inboundlogistics.com
Presse Business,innovationintextiles.com
Presse Généraliste,nrpyrenees.fr
Presse Généraliste,euobserver.com
Presse Généraliste,thedailyjagran.com
Presse Généraliste,lesnumeriques.com
Presse Généraliste,bluewin.ch
Presse Généraliste,lepetitjournal.com
Presse Généraliste,noovo.info
Presse Généraliste,7x7.press
Presse Généraliste,bigorre-mag.fr
Site Business,jhcomposites.com
Site Business,mega-piles.com
Site Business,airfrance.ml
Site Business,proaviation.com
Site Business,kreindler.com
Site Business,surfeo.eu
Site Business,satplating.com
Site Business,automation.honeywell.com
Site Business,cero.fr
Site Business,southwestairlinesinvestorrelations.com
Site Business,cleanbridge.co
Site Business,cav-systems.com
Site Business,lfrt-plastic.com
Site Business,us-comp.com
Site Business,smicomposites.com
Site Business,coefficience3.fr
Site Business,aeroprotec-group.com
Association,sfaf.com
Association,composites-united.com
Association,aeroports.org
Aggregateurs,newspointapp.com
Aggregateurs,calameo.com
Aggregateurs,aerosupplierlocator.com
Aggregateurs,news.europawire.eu
Aggregateurs,sous-traiter.fr
Aggregateurs,value.today
Aggregateurs,studylib.net
Université,studysmarter.fr
Université,univ-blida.dz
Université,imt-mines-albi.fr
Encyclopédie,mediachimie.org
Forums,harshadbajpai.medium.com
Fondation / ONG,globalcarbonfund.com
Influence,marketgrowthreports.com
Influence,pitchbook.com
Influence,databridgemarketresearch.com
Influence,industryresearch.biz
Influence,chemicalresearchinsight.com
Influence,reportsnreports.com
Influence,gminsights.com
Influence,towardschemandmaterials.com
Influence,martini.ai
Gouvernement-Institutionnel,clean-aviation.eu
Gouvernement-Institutionnel,eurocontrol.int
Gouvernement-Institutionnel,drieets.gouv.fr
Gouvernement-Institutionnel,inpi.fr
Presse Business,aerospaceglobalnews.com
Presse Business,tech.eu
Presse Business,aerospatium.info
Presse Business,iotworldmagazine.com
Presse Business,voxlog.fr
Presse Business,alliancy.fr
Presse Business,innovations.fr
Presse Business,airforce-technology.com
Presse Business,globalsecurity.org
Presse Business,armyrecognition.com
Presse Business,entreprises-occitanie.com
Presse Business,aerotime.aero
Presse Business,vipress.net
Presse Business,aerospacetestinginternational.com
Presse Business,naval-technology.com
Presse Business,airport-technology.com
Presse Business,aeronautique.ma
Presse Généraliste,dl1.en-us.nina.az
Presse Généraliste,lecourrier.vn
Presse Généraliste,actu-aero.fr
Presse Généraliste,air-journal.fr
Presse Généraliste,science-et-vie.com
Presse Généraliste,aviationnexus.com
Presse Généraliste,tourmag.com
Presse Généraliste,lechotouristique.com
Presse Généraliste,portail-aviation.com
Presse Généraliste,f-aero.fr
Presse Généraliste,timesofindia.indiatimes.com
Presse Généraliste,aviation-pilote.com
Presse Généraliste,[suspicious link removed]
Presse Généraliste,2050nowlamaison.com
Site Business,slackdavis.com
Site Business,wsp.com
Site Business,hexcel.com
Site Business,epsilon-composite.com
Site Business,modusadvanced.com
Site Business,f-initiatives.com
Site Business,menkoraviation.com
Site Business,multiplast.eu
Site Business,toraytac.com
Site Business,captainpropeller.com
Site Business,victrex.com
Site Business,eplaneai.com
Site Business,3ds.com
Site Business,tmc-technologies.com
Site Business,toray.com
Site Business,hexagon.com
Site Business,avior.ca
Site Business,maitredata.com
Site Business,comcordance.fr
Site Business,brennaninc.com
Site Business,avelrobotics.com
Site Business,surfeo.fr
Site Business,prevote.com
Site Business,qualitairsea.com
Site Business,aeronet.com
Site Business,flypix.ai
Site Business,ge.com
Site Business,sogeclair.com
Site Business,pinetteemidecau.eu
Site Business,machining-custom.com
Site Business,covingtonaircraft.com
Site Business,distrelec.com
Site Business,m1composites.com
Site Business,telespazio.com
Site Business,demgy.com
Site Business,mews-partners.com
Site Business,europair.com
Association,nae.fr
Association,clubdes500.com
Association,compositesmeetings.com
Syndicat Professionnel,itfglobal.org
Syndicat Professionnel,syndex.fr
Jobboards,candidat.francetravail.fr
Aggregateurs,flightright.fr
Aggregateurs,donneesmondiales.com
Aggregateurs,globalair.com
Aggregateurs,justia.com
Aggregateurs,patents.justia.com
Aggregateurs,dataero.fr
Aggregateurs,newswire.com
Aggregateurs,htsyndication.com
Aggregateurs,air-indemnite.com
Aggregateurs,businesswire.com
Aggregateurs,lespepitestech.com
Aggregateurs,theorg.com
Université,assistancescolaire.com
Université,enac.fr
Université,washu.edu
Encyclopédie,britannica.com
Forums,beechtalk.com
Fondation / ONG,transportenvironment.org
Wikipedia,de.wikipedia.org
Site Business,arquus-defense.com
Presse Généraliste,jpost.com
Presse spécialisée,portail-ie.fr
Presse spécialisée,defence-ua.com
Presse spécialisée,aeroinfo.eu
Presse Généraliste,pravda.com.ua
Presse spécialisée,thedeepdive.ca
Presse spécialisée,automobile-magazine.fr
Influence,euromaidanpress.com
Site Business,projet13.com
Presse spécialisée,aeronaut.media
Presse spécialisée,planeterenault.com
Influence,english.nv.ua
Presse Généraliste,fr.euronews.com
Presse spécialisée,thedefensenews.com
Influence,militarnyi.com
Presse Généraliste,brusselssignal.eu
Presse spécialisée,en.defence-ua.com
Presse spécialisée,journalauto.com
Presse spécialisée,interestingengineering.com
Site Business,vsolution.biz
Gouvernement-Institutionnel,memoiredeshommes.defense.gouv.fr
Presse Généraliste,nv.ua
Presse Généraliste,ubn.news
Presse spécialisée,united24media.com
Presse Business,finance.yahoo.com
Association,ambitionfrance.org
Presse spécialisée,autoplus.fr
Presse Généraliste,odessa-journal.com
Presse spécialisée,raids-aviation.fr
Presse spécialisée,secretdefensev2.com
Presse spécialisée,auto-infos.fr
Site Business,nextgendefense.com
Presse Business,decideurs-magazine.com
Presse Hostile,lanticapitaliste.org
Gouvernement-Institutionnel,imagesdefense.gouv.fr
Influence,zeitenwendegroup.com
Presse Généraliste,cm.asiae.co.kr
Presse Business,adriadefense.com
Influence,billetdefrance.fr
Presse Business,fiches-auto.fr
Presse Business,dronexl.co
Presse Généraliste,informat.ro
Presse Business,speedme.ru
Presse Généraliste,actuniort.fr
Presse Généraliste,kyivindependent.com
Presse Business,renaultoloog.nl
Presse Business,44tonnes.com
Presse Généraliste,lopinion.fr
Presse Hostile,initiative-communiste.fr
Presse spécialisée,militaeraktuell.at
Presse spécialisée,lesvoitures.fr
Presse Généraliste,rbc.ua
Presse spécialisée,revueconflits.com
Presse Généraliste,themoscowtimes.com
Association,maia.my
Association,forcesfrancaisesdelindustrie.fr
Presse Généraliste,unn.ua
Presse Généraliste,espreso.tv
Presse spécialisée,journaldeleconomie.fr
Presse spécialisée,army-guide.com
Presse Généraliste,clickpetroleoegas.com.br
Presse spécialisée,conversationgeoeco.com
Presse Généraliste,lignesdedefense.ouest-france.fr
Presse spécialisée,numerama.com
Presse spécialisée,journaldugeek.com
Presse spécialisée,autoactu.com
Presse Généraliste,agenzianova.com
Site Business,fonderie-piwi.fr
Presse spécialisée,01net.com
Presse spécialisée,ldaily.ua
Site Business,vinci-autoroutes.com
Presse spécialisée,autonews.com
Presse Généraliste,lagazettefrance.fr
Presse spécialisée,engineering.com
Presse spécialisée,roboticsandautomationnews.com
Presse spécialisée,frenchautonews.com
Presse Généraliste,francebleu.fr
Site Business,radio.vinci-autoroutes.com
Presse Généraliste,komersant.ua
Presse spécialisée,caradisiac.com
Presse spécialisée,digitaledition.assemblymag.com
Presse spécialisée,netcost-security.fr
Presse spécialisée,electricmotorengineering.com
Presse spécialisée,lesnewseco.fr
Presse Généraliste,atlantico.fr
Presse spécialisée,businessupturn.com
Presse spécialisée,root-nation.com
Presse spécialisée,heise.de
Presse spécialisée,autogear.pt
Presse Généraliste,news.liga.net
Presse spécialisée,forcesoperations.com
Site Business,nse-groupe.com
Presse spécialisée,uk.finance.yahoo.com
Presse Généraliste,newscore.fr
Presse Généraliste,caliber.az
Presse Généraliste,lagazette-yvelines.fr
Presse Généraliste,h24info.ma
Presse Généraliste,ukrinform.net
Site Business,vroom.be
Presse Généraliste,hurriyetdailynews.com
Presse spécialisée,carrosseriemagazine.com
Presse Généraliste,turess.com
Presse spécialisée,robotech-magazine.com
Site Business,loci-anima.com
Presse spécialisée,economie-et-politique.org
Presse spécialisée,defence-blog.com
Presse spécialisée,nationalinterest.org
Presse Généraliste,lapresse.ca
Presse Généraliste,paristimes.com
Site Business,armadainternational.com
Presse spécialisée,franceroutes.fr
Presse spécialisée,newsukraine.rbc.ua
Association,ukrainianworldcongress.org
Influence,en.iz.ru
Presse spécialisée,news.defcros.com
Syndicat,cgt-renault.com
Presse spécialisée,aumilitaire.com
Gouvernement-Institutionnel,seine-maritime.gouv.fr
Presse spécialisée,intelligenceonline.fr
Presse spécialisée,edrmagazine.eu
Concurrent,volvogroup.com
Site Business,gicat.com
Gouvernement-Institutionnel,www2.assemblee-nationale.fr